id,title,priority,status,created_date
1,Password reset,Medium,closed,2024-02-22
2,Slow internet,High,open,2024-08-31
3,Email not working,Low,closed,2024-02-03
4,Network connectivity issue,Low,in_progress,2024-08-15
5,Server downtime,High,open,2024-07-25
6,Server downtime,High,closed,2024-01-07
7,Software installation request,Critical,in_progress,2024-09-18
8,Network connectivity issue,Low,open,2024-07-20
9,Software installation request,Low,in_progress,2024-01-19
10,Network connectivity issue,Critical,open,2024-03-10
11,VPN access issue,Medium,closed,2024-04-19
12,Email not working,Critical,open,2024-04-08
13,VPN access issue,Medium,in_progress,2024-09-25
14,VPN access issue,Low,closed,2024-05-27
15,Backup failure,Critical,open,2024-01-04
16,Server downtime,High,open,2024-05-26
17,VPN access issue,High,closed,2024-07-23
18,Software installation request,Low,open,2024-10-25
19,Server downtime,Critical,open,2024-02-23
20,Email not working,High,open,2024-09-26
21,Slow internet,Low,open,2024-08-20
22,Password reset,Low,open,2024-07-13
23,VPN access issue,Medium,closed,2024-07-26
24,Slow internet,Medium,closed,2024-07-29
25,Password reset,Low,open,2024-11-07
26,Printer not responding,High,closed,2024-03-14
27,Password reset,Critical,open,2024-06-24
28,Software installation request,High,open,2024-10-06
29,Server downtime,Critical,open,2024-05-12
30,Software installation request,High,closed,2024-10-18
31,VPN access issue,High,open,2024-10-16
32,Email not working,Medium,in_progress,2024-10-27
33,System crash,High,open,2024-04-06
34,Slow internet,Critical,in_progress,2024-01-30
35,Network connectivity issue,High,open,2024-01-12
36,Server downtime,Medium,closed,2024-03-30
37,Printer not responding,High,in_progress,2024-09-07
38,System crash,Critical,in_progress,2024-08-04
39,Email not working,Low,open,2024-06-18
40,System crash,Medium,closed,2024-05-13
41,Printer not responding,Medium,closed,2024-04-24
42,Network connectivity issue,Low,open,2024-02-26
43,Password reset,Low,in_progress,2024-10-24
44,System crash,Medium,closed,2024-08-07
45,System crash,Critical,closed,2024-11-18
46,Slow internet,Critical,open,2024-01-26
47,Network connectivity issue,Medium,in_progress,2024-03-16
48,Slow internet,Medium,in_progress,2024-06-09
49,Server downtime,Critical,closed,2024-10-27
50,Server downtime,Medium,in_progress,2024-04-01
51,Printer not responding,High,open,2024-01-26
52,Software installation request,Critical,open,2024-07-02
53,Software installation request,Low,in_progress,2024-02-10
54,Software installation request,Critical,in_progress,2024-05-11
55,VPN access issue,Critical,in_progress,2024-01-21
56,Password reset,High,open,2024-05-14
57,Password reset,High,open,2024-11-06
58,Password reset,Critical,closed,2024-04-10
59,System crash,Medium,open,2024-02-18
60,Printer not responding,Low,open,2024-11-04
61,System crash,High,closed,2024-02-13
62,Software installation request,Critical,open,2024-11-03
63,Printer not responding,High,open,2024-07-24
64,Backup failure,Medium,closed,2024-07-26
65,VPN access issue,Medium,open,2024-07-20
66,System crash,Critical,in_progress,2024-01-17
67,Network connectivity issue,Critical,closed,2024-07-11
68,Printer not responding,High,closed,2024-03-23
69,Software installation request,High,in_progress,2024-11-21
70,Backup failure,Low,in_progress,2024-05-10
71,Printer not responding,Critical,open,2024-06-21
72,Network connectivity issue,Low,closed,2024-08-14
73,Backup failure,Critical,in_progress,2024-06-26
74,Email not working,High,closed,2024-05-10
75,VPN access issue,Critical,closed,2024-08-20
76,Server downtime,Low,in_progress,2024-02-14
77,Printer not responding,Low,in_progress,2024-03-30
78,Slow internet,Critical,closed,2024-02-06
79,Email not working,High,open,2024-11-22
80,System crash,Low,closed,2024-11-18
81,Network connectivity issue,High,closed,2024-04-17
82,System crash,Low,closed,2024-03-03
83,Password reset,Critical,closed,2024-09-10
84,VPN access issue,High,closed,2024-06-06
85,Printer not responding,Medium,in_progress,2024-02-14
86,Printer not responding,Medium,open,2024-08-06
87,System crash,Medium,in_progress,2024-07-06
88,Printer not responding,High,in_progress,2024-11-17
89,Backup failure,Low,open,2024-05-17
90,VPN access issue,Medium,closed,2024-06-17
91,Network connectivity issue,Medium,closed,2024-02-21
92,System crash,Medium,open,2024-01-21
93,Server downtime,High,open,2024-07-27
94,Software installation request,Critical,open,2024-02-01
95,Email not working,Critical,closed,2024-01-04
96,System crash,Medium,in_progress,2024-11-02
97,Server downtime,Low,closed,2024-05-10
98,Backup failure,Critical,closed,2024-05-15
99,Slow internet,Low,in_progress,2024-03-22
100,VPN access issue,Medium,in_progress,2024-01-12
